-- MySQL dump 10.11
--
-- Host: localhost    Database: converse
-- ------------------------------------------------------
-- Server version	5.0.51b-community-nt

/*!40101 SET @OLD_CHARACTER_SET_CLIENT=@@CHARACTER_SET_CLIENT */;
/*!40101 SET @OLD_CHARACTER_SET_RESULTS=@@CHARACTER_SET_RESULTS */;
/*!40101 SET @OLD_COLLATION_CONNECTION=@@COLLATION_CONNECTION */;
/*!40101 SET NAMES utf8 */;
/*!40103 SET @OLD_TIME_ZONE=@@TIME_ZONE */;
/*!40103 SET TIME_ZONE='+00:00' */;
/*!40014 SET @OLD_UNIQUE_CHECKS=@@UNIQUE_CHECKS, UNIQUE_CHECKS=0 */;
/*!40014 SET @OLD_FOREIGN_KEY_CHECKS=@@FOREIGN_KEY_CHECKS, FOREIGN_KEY_CHECKS=0 */;
/*!40101 SET @OLD_SQL_MODE=@@SQL_MODE, SQL_MODE='NO_AUTO_VALUE_ON_ZERO' */;
/*!40111 SET @OLD_SQL_NOTES=@@SQL_NOTES, SQL_NOTES=0 */;

--
-- Table structure for table `part_of_speech`
--

DROP TABLE IF EXISTS `part_of_speech`;
SET @saved_cs_client     = @@character_set_client;
SET character_set_client = utf8;
CREATE TABLE `part_of_speech` (
  `part_of_speech_id` int(10) unsigned NOT NULL auto_increment,
  `part_of_speech_name` varchar(128) default NULL,
  PRIMARY KEY  (`part_of_speech_id`)
) ENGINE=InnoDB AUTO_INCREMENT=11 DEFAULT CHARSET=latin1;
SET character_set_client = @saved_cs_client;

--
-- Dumping data for table `part_of_speech`
--

LOCK TABLES `part_of_speech` WRITE;
/*!40000 ALTER TABLE `part_of_speech` DISABLE KEYS */;
INSERT INTO `part_of_speech` VALUES (1,'noun'),(2,'verb'),(3,'adverb'),(4,'adjective'),(5,'preposition'),(6,'article'),(7,'conjunction'),(8,'interjection'),(9,'npos'),(10,'pronoun');
/*!40000 ALTER TABLE `part_of_speech` ENABLE KEYS */;
UNLOCK TABLES;

--
-- Table structure for table `sentence`
--

DROP TABLE IF EXISTS `sentence`;
SET @saved_cs_client     = @@character_set_client;
SET character_set_client = utf8;
CREATE TABLE `sentence` (
  `sentence_id` int(10) unsigned NOT NULL auto_increment,
  `sentence_text` text,
  PRIMARY KEY  (`sentence_id`)
) ENGINE=InnoDB DEFAULT CHARSET=latin1;
SET character_set_client = @saved_cs_client;

--
-- Dumping data for table `sentence`
--

LOCK TABLES `sentence` WRITE;
/*!40000 ALTER TABLE `sentence` DISABLE KEYS */;
/*!40000 ALTER TABLE `sentence` ENABLE KEYS */;
UNLOCK TABLES;

--
-- Table structure for table `tense_transform`
--

DROP TABLE IF EXISTS `tense_transform`;
SET @saved_cs_client     = @@character_set_client;
SET character_set_client = utf8;
CREATE TABLE `tense_transform` (
  `tense_transform_id` int(10) unsigned NOT NULL auto_increment,
  `words_to_transform` varchar(128) default NULL,
  `new_word` varchar(64) default NULL,
  PRIMARY KEY  (`tense_transform_id`)
) ENGINE=InnoDB AUTO_INCREMENT=9 DEFAULT CHARSET=latin1;
SET character_set_client = @saved_cs_client;

--
-- Dumping data for table `tense_transform`
--

LOCK TABLES `tense_transform` WRITE;
/*!40000 ALTER TABLE `tense_transform` DISABLE KEYS */;
INSERT INTO `tense_transform` VALUES (1,'did run','ran'),(2,'did go','went'),(3,'did eat','ate'),(4,'did think','thought'),(6,'do wish','wish'),(7,'did have','had'),(8,'does have','has');
/*!40000 ALTER TABLE `tense_transform` ENABLE KEYS */;
UNLOCK TABLES;

--
-- Table structure for table `word`
--

DROP TABLE IF EXISTS `word`;
SET @saved_cs_client     = @@character_set_client;
SET character_set_client = utf8;
CREATE TABLE `word` (
  `word_id` int(10) unsigned NOT NULL auto_increment,
  `word_name` varchar(256) default NULL,
  PRIMARY KEY  (`word_id`)
) ENGINE=InnoDB AUTO_INCREMENT=550 DEFAULT CHARSET=latin1;
SET character_set_client = @saved_cs_client;

--
-- Dumping data for table `word`
--

LOCK TABLES `word` WRITE;
/*!40000 ALTER TABLE `word` DISABLE KEYS */;
INSERT INTO `word` VALUES (11,'is'),(12,'Paul'),(13,'Carol'),(14,'does'),(15,'a'),(16,'lemon'),(17,'tree'),(18,'have'),(19,'lemons'),(20,'car'),(21,'cars'),(22,'branche'),(348,'branch'),(349,'branches'),(350,'daddy'),(351,'kong'),(352,'Kate'),(353,'Andy'),(354,'Andrew'),(355,'are'),(356,'we'),(357,'we'),(358,'having'),(359,'for'),(360,'dinner'),(361,'tonight'),(362,'the'),(363,'goind'),(364,'going'),(365,'sour'),(367,'Ringo'),(368,'Bone'),(369,'Boy'),(370,'happy'),(371,'healthy'),(372,'my'),(373,'dog'),(374,'mad'),(375,'about'),(376,'you'),(377,'Johnson'),(378,'as'),(379,'Hell'),(380,'know'),(381,'C'),(383,'need'),(384,'to'),(385,'water'),(386,'seeds'),(387,'when'),(388,'plant'),(389,'them'),(390,'do'),(391,'love'),(392,'did'),(393,'Shakespere'),(394,'write'),(395,'go'),(396,'play'),(397,'plays'),(398,'garag'),(399,'garages'),(400,'gar'),(401,'garsdf'),(402,'garsdfsdf'),(403,'garsdfsdfsdf'),(404,'gar'),(405,'garsdf'),(406,'garsdfsdf'),(407,'garsdfsdfsdf'),(408,'garsdfsdfsdf'),(409,'garsdfsdfsdf'),(410,'garsdfsdfsdf'),(411,'garsdfsdfsdf'),(412,'garsdfsdfsdf'),(413,'garag'),(414,'garages'),(415,'garag'),(416,'garages'),(417,'garag'),(418,'garages'),(419,'garag'),(420,'garages'),(421,'garag'),(422,'garages'),(423,'garag'),(424,'garages'),(425,'garag'),(426,'garages'),(427,'me'),(428,'and'),(429,'was'),(430,'knows'),(431,'who'),(432,'I'),(433,'what'),(434,'where'),(435,'run'),(436,'runs'),(437,'eats'),(438,'fish'),(439,'store'),(440,'laundry'),(441,'bird'),(442,'birds'),(443,'fly'),(444,'in'),(445,'winter'),(446,'bed'),(447,'boney'),(448,'bonettt'),(449,'bonettt'),(450,'imagination'),(451,'eat'),(452,'today'),(453,'bike'),(454,'on'),(455,'trail'),(456,'jump'),(457,'trampolene'),(458,'think'),(459,'program'),(460,'running'),(461,'not'),(462,'am'),(463,'that'),(464,'insurance'),(465,'being'),(466,'processed'),(467,'bear'),(468,'shit'),(469,'wood'),(470,'woods'),(471,'life'),(472,'grand'),(473,'or'),(474,'wish'),(475,'why'),(476,'always'),(477,'watch'),(478,'where)\n'),(479,'where)'),(480,'it'),(481,'okay'),(482,'lot'),(483,'favorite'),(484,'thinking'),(485,'how'),(486,'weather'),(487,'beach'),(488,'phone'),(489,'her'),(490,'mom'),(491,'talking'),(492,'no'),(493,'quickly'),(494,'walking'),(495,'would'),(496,'if'),(497,'he'),(498,'found'),(499,'mark'),(500,'marks'),(501,'table'),(502,'fire'),(503,'will'),(504,'answer'),(505,'time'),(506,'beer'),(507,'so'),(508,'much'),(509,'like'),(510,'old'),(511,'stamp'),(512,'good'),(513,'had'),(514,'tongiht'),(515,'best'),(516,'baseball'),(517,'player'),(518,'world'),(519,'supposed'),(520,'be'),(521,'want'),(522,'use'),(523,'ever'),(524,'stay'),(525,'all'),(526,'night'),(527,'pay'),(528,'his'),(529,'pulled'),(530,'die'),(531,'bouquet'),(532,'bouquets'),(533,'drummer'),(534,'bedtime'),(535,'long'),(536,'keep'),(537,'work'),(538,'works'),(539,'can'),(540,'get'),(541,'away'),(542,'show'),(543,'anyway'),(544,'iron'),(545,'smelly'),(546,'feet'),(547,'fart'),(548,'farts'),(549,'see');
/*!40000 ALTER TABLE `word` ENABLE KEYS */;
UNLOCK TABLES;

--
-- Table structure for table `word_part_of_speech`
--

DROP TABLE IF EXISTS `word_part_of_speech`;
SET @saved_cs_client     = @@character_set_client;
SET character_set_client = utf8;
CREATE TABLE `word_part_of_speech` (
  `word_part_of_speech_id` int(10) unsigned NOT NULL auto_increment,
  `word_id` int(10) unsigned NOT NULL,
  `part_of_speech_id` int(10) unsigned NOT NULL,
  PRIMARY KEY  (`word_part_of_speech_id`)
) ENGINE=InnoDB AUTO_INCREMENT=836 DEFAULT CHARSET=latin1;
SET character_set_client = @saved_cs_client;

--
-- Dumping data for table `word_part_of_speech`
--

LOCK TABLES `word_part_of_speech` WRITE;
/*!40000 ALTER TABLE `word_part_of_speech` DISABLE KEYS */;
INSERT INTO `word_part_of_speech` VALUES (4,11,2),(5,12,1),(6,13,1),(7,13,2),(8,13,2),(9,13,1),(10,13,1),(11,14,2),(12,14,2),(13,15,6),(14,16,1),(15,16,4),(16,16,4),(17,17,1),(19,17,4),(20,17,4),(21,18,2),(22,18,1),(23,19,1),(24,19,4),(25,19,4),(26,20,1),(27,21,1),(28,23,9),(29,24,9),(30,25,9),(31,26,9),(32,27,1),(33,28,9),(34,29,9),(35,30,9),(36,31,9),(37,32,9),(38,33,9),(39,34,9),(40,35,9),(41,36,9),(42,37,9),(43,38,9),(44,39,9),(45,40,9),(46,41,9),(47,42,9),(48,43,9),(49,44,9),(50,45,9),(51,46,9),(52,47,9),(53,48,9),(54,49,9),(55,50,9),(56,51,9),(57,52,9),(58,53,9),(59,54,9),(60,55,9),(61,56,9),(62,57,9),(63,58,9),(64,59,9),(65,60,9),(66,61,9),(67,62,9),(68,63,9),(69,64,9),(70,65,9),(71,66,9),(72,67,9),(73,68,9),(74,69,9),(75,70,9),(76,71,9),(77,72,9),(78,73,9),(79,74,9),(80,75,9),(81,76,9),(82,77,9),(83,78,9),(84,79,9),(85,80,9),(86,81,9),(87,82,9),(88,83,9),(89,84,9),(90,85,9),(91,86,9),(92,87,9),(93,88,9),(94,89,9),(95,90,9),(96,91,9),(97,92,9),(98,93,9),(99,94,9),(100,95,9),(101,96,9),(102,97,9),(103,98,9),(104,99,9),(105,100,9),(106,101,9),(107,102,9),(108,103,9),(109,104,9),(110,105,9),(111,106,9),(112,107,9),(113,108,9),(114,109,9),(115,110,9),(116,111,9),(117,112,9),(118,113,9),(119,114,9),(120,115,9),(121,116,9),(122,117,9),(123,118,9),(124,119,9),(125,120,9),(126,121,9),(127,122,9),(128,123,9),(129,124,9),(130,125,9),(131,126,9),(132,127,9),(133,128,9),(134,129,9),(135,130,9),(136,131,9),(137,132,9),(138,133,9),(139,134,9),(140,135,9),(141,136,9),(142,137,9),(143,138,9),(144,139,9),(145,140,9),(146,141,9),(147,142,9),(148,143,9),(149,144,9),(150,145,9),(151,146,9),(152,147,9),(153,148,9),(154,149,9),(155,150,9),(156,151,9),(157,152,9),(158,153,9),(159,154,9),(160,155,9),(161,156,9),(162,157,9),(163,158,9),(164,159,9),(165,160,9),(166,161,9),(167,162,9),(168,163,9),(169,164,9),(170,165,9),(171,166,9),(172,167,9),(173,168,9),(174,169,9),(175,170,9),(176,171,9),(177,172,9),(178,173,9),(179,174,9),(180,175,9),(181,176,9),(182,177,9),(183,178,9),(184,179,9),(185,180,9),(186,181,9),(187,182,9),(188,183,9),(189,184,9),(190,185,9),(191,186,9),(192,187,9),(193,188,9),(194,189,9),(195,190,9),(196,191,9),(197,192,9),(198,193,9),(199,194,9),(200,195,9),(201,196,9),(202,197,9),(203,198,9),(204,199,9),(205,200,9),(206,201,9),(207,202,9),(208,203,9),(209,204,9),(210,205,9),(211,206,9),(212,207,9),(213,208,9),(214,209,9),(215,210,9),(216,211,9),(217,212,9),(218,213,9),(219,214,9),(220,215,9),(221,216,9),(222,217,9),(223,218,9),(224,219,9),(225,220,9),(226,221,9),(227,222,9),(228,223,9),(229,224,9),(230,225,9),(231,226,9),(232,227,9),(233,228,9),(234,229,9),(235,230,9),(236,231,9),(237,232,9),(238,233,9),(239,234,9),(240,235,9),(241,236,9),(242,237,9),(243,238,9),(244,239,9),(245,240,9),(246,241,9),(247,242,9),(248,243,9),(249,244,9),(250,245,9),(251,246,9),(252,247,9),(253,248,9),(254,249,9),(255,250,9),(256,251,9),(257,252,9),(258,253,9),(259,254,9),(260,255,9),(261,256,9),(262,257,9),(263,258,9),(264,259,9),(265,260,9),(266,261,9),(267,262,9),(268,263,9),(269,264,9),(270,265,9),(271,266,9),(272,267,9),(273,268,9),(274,269,9),(275,270,9),(276,271,9),(277,272,9),(278,273,9),(279,274,9),(280,275,9),(281,276,9),(282,277,9),(283,278,9),(284,279,9),(285,280,9),(286,281,9),(287,282,9),(288,283,9),(289,284,9),(290,285,9),(291,286,9),(292,287,9),(293,288,9),(294,289,9),(295,290,9),(296,291,9),(297,292,9),(298,293,9),(299,294,9),(300,295,9),(301,296,9),(302,297,9),(303,298,9),(304,299,9),(305,300,9),(306,301,9),(307,302,9),(308,303,9),(309,304,9),(310,305,9),(311,306,9),(312,307,9),(313,308,9),(314,309,9),(315,310,9),(316,311,9),(317,312,9),(318,313,9),(319,314,9),(320,315,9),(321,316,9),(322,317,9),(323,318,9),(324,319,9),(325,320,9),(326,321,9),(327,322,9),(328,323,9),(329,324,9),(330,325,9),(331,326,9),(332,327,9),(333,328,9),(334,329,9),(335,330,9),(336,331,9),(337,332,9),(338,333,9),(339,334,9),(340,335,9),(341,336,9),(342,337,9),(343,338,9),(344,339,9),(345,340,9),(346,341,9),(347,342,9),(348,343,9),(349,344,9),(350,345,9),(351,346,1),(352,347,1),(353,348,1),(354,348,2),(355,348,2),(356,348,4),(357,348,4),(358,349,1),(359,349,2),(360,349,2),(361,349,4),(362,349,4),(363,350,1),(364,351,9),(365,352,1),(366,353,9),(367,354,1),(368,355,2),(369,355,1),(370,357,10),(371,358,2),(372,358,1),(373,359,5),(374,360,1),(375,361,3),(376,361,1),(377,362,6),(378,363,9),(379,364,1),(380,364,4),(381,365,4),(382,365,1),(383,365,2),(384,365,2),(385,365,3),(386,365,1),(388,367,1),(389,368,1),(390,369,1),(391,370,4),(392,370,3),(393,370,1),(394,371,4),(395,371,3),(396,371,1),(397,372,4),(398,372,8),(399,373,1),(400,373,4),(401,373,2),(402,373,3),(403,374,4),(404,374,2),(405,374,2),(406,374,1),(407,374,1),(408,375,5),(409,376,10),(410,377,1),(411,378,3),(412,379,1),(413,380,2),(414,380,2),(415,380,4),(416,380,1),(417,381,1),(419,383,1),(420,383,2),(421,383,2),(422,383,1),(423,384,5),(424,385,1),(425,385,2),(426,385,2),(427,385,4),(428,386,1),(429,386,2),(430,386,2),(431,386,4),(432,386,4),(433,387,3),(434,387,7),(435,387,10),(436,387,1),(437,388,1),(438,388,2),(439,388,4),(440,389,10),(441,390,2),(442,390,2),(443,390,2),(444,390,1),(445,390,1),(446,390,1),(447,391,1),(448,391,2),(449,391,2),(450,392,2),(451,393,1),(452,394,2),(453,394,2),(454,395,2),(455,395,2),(456,395,1),(457,395,4),(458,395,1),(459,396,2),(460,396,2),(461,396,1),(462,396,4),(463,397,2),(464,397,2),(465,397,1),(466,397,4),(467,425,9),(468,426,9),(469,427,10),(470,428,7),(471,429,2),(472,430,2),(473,430,2),(474,430,4),(475,430,1),(476,431,10),(477,432,1),(478,433,10),(479,433,1),(480,433,4),(481,433,3),(482,433,7),(483,433,8),(484,434,3),(485,434,7),(486,434,10),(487,434,1),(488,435,2),(489,435,2),(490,435,1),(491,435,4),(492,436,2),(493,436,2),(494,436,1),(495,436,4),(496,437,1),(497,437,2),(498,438,1),(499,438,2),(500,438,2),(501,438,4),(502,438,4),(503,438,4),(504,439,2),(505,439,2),(506,439,1),(507,439,4),(508,439,4),(509,440,1),(510,441,1),(511,441,2),(512,442,1),(513,442,2),(514,443,2),(515,443,2),(516,443,1),(517,443,1),(518,443,4),(519,444,5),(520,445,1),(521,445,4),(522,445,2),(523,445,2),(524,446,1),(525,446,2),(526,446,2),(527,447,9),(528,449,9),(529,450,1),(530,451,2),(531,451,2),(532,451,1),(533,452,3),(534,452,1),(535,452,4),(536,453,1),(537,453,2),(538,453,2),(539,454,5),(540,455,2),(541,455,2),(542,455,1),(543,455,3),(544,456,2),(545,456,2),(546,456,1),(547,456,4),(548,457,1),(549,458,2),(550,458,2),(551,458,1),(552,458,4),(553,458,1),(554,458,2),(555,459,1),(556,459,2),(557,459,2),(558,459,4),(559,459,1),(560,459,1),(561,460,1),(562,460,4),(563,460,3),(564,461,3),(565,462,2),(566,462,1),(567,463,10),(568,463,4),(569,463,7),(570,463,3),(571,464,1),(572,465,1),(573,466,4),(574,467,2),(575,467,2),(576,467,1),(577,467,4),(578,467,4),(579,468,2),(580,468,2),(581,468,1),(582,468,8),(583,468,4),(584,469,1),(585,469,4),(586,469,2),(587,469,2),(588,469,4),(589,470,1),(590,470,4),(591,470,2),(592,470,2),(593,470,4),(594,471,1),(595,471,4),(596,472,4),(597,472,1),(598,472,4),(599,472,1),(600,473,7),(601,473,7),(602,473,1),(603,474,2),(604,474,2),(605,474,1),(606,474,1),(607,475,3),(608,475,7),(609,475,1),(610,475,8),(611,476,3),(612,477,1),(613,477,2),(614,477,2),(615,478,9),(616,479,9),(617,480,10),(618,480,1),(619,481,4),(620,481,3),(621,481,8),(622,481,1),(623,481,2),(624,482,1),(625,482,2),(626,482,2),(627,482,1),(628,483,1),(629,483,4),(630,484,4),(631,484,1),(632,485,3),(633,485,7),(634,485,1),(635,485,8),(636,486,1),(637,486,2),(638,486,2),(639,486,4),(640,487,1),(641,487,2),(642,487,2),(643,488,1),(644,488,1),(645,488,2),(646,488,2),(647,489,10),(648,489,4),(649,490,1),(650,491,1),(651,491,4),(652,492,3),(653,492,8),(654,492,4),(655,492,1),(656,492,1),(657,493,4),(658,493,3),(659,493,1),(660,493,2),(661,493,3),(662,493,1),(663,494,4),(664,494,1),(665,495,2),(666,495,2),(667,496,7),(668,496,1),(669,497,10),(670,497,1),(671,497,1),(672,498,2),(673,498,2),(674,498,4),(675,498,2),(676,498,2),(677,498,2),(678,499,1),(679,499,2),(680,499,2),(681,499,1),(682,499,1),(683,500,1),(684,500,2),(685,500,2),(686,500,1),(687,500,1),(688,501,1),(689,501,4),(690,501,2),(691,502,1),(692,502,2),(693,502,2),(694,502,1),(695,503,1),(696,503,2),(697,503,2),(698,503,2),(699,503,2),(700,504,1),(701,504,2),(702,504,2),(703,505,1),(704,505,8),(705,505,2),(706,505,2),(707,505,4),(708,506,1),(709,507,3),(710,507,7),(711,507,10),(712,507,8),(713,507,4),(714,507,1),(715,508,4),(716,508,3),(717,508,1),(718,509,4),(719,509,3),(720,509,7),(721,509,1),(722,509,8),(723,509,2),(724,509,2),(725,509,1),(726,509,1),(727,509,5),(728,510,4),(729,510,1),(730,510,1),(731,511,2),(732,511,2),(733,511,1),(734,512,4),(735,512,1),(736,512,8),(737,512,3),(738,513,2),(739,514,9),(740,515,4),(741,515,3),(742,515,1),(743,515,2),(744,516,1),(745,517,1),(746,518,1),(747,516,4),(748,519,4),(749,520,2),(750,520,2),(751,521,2),(752,521,2),(753,521,1),(754,521,1),(755,522,2),(756,522,2),(757,522,1),(758,523,3),(759,524,1),(760,524,2),(761,524,1),(762,524,2),(763,524,2),(764,524,2),(765,524,1),(766,525,4),(767,525,10),(768,525,1),(769,525,3),(770,526,1),(771,526,4),(772,527,2),(773,527,2),(774,527,1),(775,527,4),(776,527,2),(777,528,10),(778,528,4),(779,529,2),(780,530,2),(781,530,1),(782,530,2),(783,531,1),(784,532,1),(785,533,1),(786,534,1),(787,535,4),(788,535,3),(789,535,1),(790,535,2),(791,535,2),(792,536,2),(793,536,2),(794,536,1),(795,537,1),(796,537,4),(797,537,2),(798,537,2),(799,538,1),(800,538,4),(801,538,2),(802,538,2),(803,539,2),(804,539,2),(805,539,2),(806,539,1),(807,539,2),(808,540,2),(809,540,2),(810,540,1),(811,540,4),(812,541,3),(813,541,4),(814,541,8),(815,542,2),(816,542,2),(817,542,1),(818,542,4),(819,543,3),(820,544,1),(821,544,4),(822,544,2),(823,544,2),(824,545,4),(825,545,1),(826,546,1),(827,547,2),(828,547,1),(829,548,2),(830,548,1),(831,549,2),(832,549,2),(833,549,8),(834,549,4),(835,549,1);
/*!40000 ALTER TABLE `word_part_of_speech` ENABLE KEYS */;
UNLOCK TABLES;
/*!40103 SET TIME_ZONE=@OLD_TIME_ZONE */;

/*!40101 SET SQL_MODE=@OLD_SQL_MODE */;
/*!40014 SET FOREIGN_KEY_CHECKS=@OLD_FOREIGN_KEY_CHECKS */;
/*!40014 SET UNIQUE_CHECKS=@OLD_UNIQUE_CHECKS */;
/*!40101 SET CHARACTER_SET_CLIENT=@OLD_CHARACTER_SET_CLIENT */;
/*!40101 SET CHARACTER_SET_RESULTS=@OLD_CHARACTER_SET_RESULTS */;
/*!40101 SET COLLATION_CONNECTION=@OLD_COLLATION_CONNECTION */;
/*!40111 SET SQL_NOTES=@OLD_SQL_NOTES */;

-- Dump completed on 2009-06-29 23:45:18
